<?xml version="1.0" encoding="UTF-8"?>
<project-private xmlns="http://www.netbeans.org/ns/project-private/1">
    <editor-bookmarks xmlns="http://www.netbeans.org/ns/editor-bookmarks/2" lastBookmarkId="0"/>
    <open-files xmlns="http://www.netbeans.org/ns/projectui-open-files/2">
        <group>
            <file>file:/C:/Users/Niopo/Desktop/Jeux%20de%20bio/src/ca/qc/bdeb/vue/Monde_Drag_Drop.java</file>
            <file>file:/C:/Users/Niopo/Desktop/Jeux%20de%20bio/src/ca/qc/bdeb/vue/Mechant.java</file>
            <file>file:/C:/Users/Niopo/Desktop/Jeux%20de%20bio/src/ca/qc/bdeb/vue/Projectile.java</file>
            <file>file:/C:/Users/Niopo/Desktop/Jeux%20de%20bio/src/ca/qc/bdeb/vue/Fenetre_jeu.java</file>
            <file>file:/C:/Users/Niopo/Desktop/Jeux%20de%20bio/src/ca/qc/bdeb/vue/Monde_Shooter.java</file>
            <file>file:/C:/Users/Niopo/Desktop/Jeux%20de%20bio/src/ca/qc/bdeb/vue/Canon.java</file>
            <file>file:/C:/Users/Niopo/Desktop/Jeux%20de%20bio/src/ca/qc/bdeb/vue/Composant.java</file>
        </group>
    </open-files>
</project-private>
